{"text": "\u665a\u4e0a10\u70b9\u949f\u63d0\u9192\u6211\u6ce8\u518c\u90a3\u4e2a\u4e9a\u9a6c\u900a\u8054\u76df\u8d26\u53f7", "segments": [{"id": 0, "seek": 0, "start": 0.0, "end": 5.8, "text": "\u665a\u4e0a10\u70b9\u949f\u63d0\u9192\u6211\u6ce8\u518c\u90a3\u4e2a\u4e9a\u9a6c\u900a\u8054\u76df\u8d26\u53f7", "tokens": [50365, 50157, 3279, 12579, 50064, 20949, 40796, 1654, 26432, 5676, 234, 43083, 1369, 248, 49970, 2215, 232, 8171, 242, 5419, 253, 18464, 99, 26987, 50655], "temperature": 0.0, "avg_logprob": -0.24617978242727426, "compression_ratio": 0.835820895522388, "no_speech_prob": 0.30721315741539}], "language": "Chinese"}